"first","second"
"user02","user01"
"user03","user01"
"user03","user02"
"user04","user03"
"user04","user02"
"user05","user01"
"user05","user03"
"user06","user03"
"user06","user02"
"user07","user03"
"user07","user01"
"user08","user03"
"user08","user02"
"user09","user02"
"user09","user03"
"user10","user08"
"user10","user02"
"user11","user02"
"user11","user09"
"user12","user11"
"user12","user01"
"user13","user03"
"user13","user02"
"user14","user10"
"user14","user01"
"user15","user14"
"user15","user11"
"user16","user01"
"user16","user03"
"user17","user02"
"user17","user13"
"user18","user03"
"user18","user12"
"user19","user09"
"user19","user11"
"user20","user03"
"user20","user10"
"user21","user01"
"user21","user12"
"user22","user01"
"user22","user02"
"user23","user15"
"user23","user04"
"user24","user03"
"user24","user02"
"user25","user01"
"user25","user23"
"user26","user03"
"user26","user23"
"user27","user18"
"user27","user08"
"user28","user25"
"user28","user08"
"user29","user02"
"user29","user03"
"user30","user03"
"user30","user15"
"user31","user01"
"user31","user14"
"user32","user10"
"user32","user02"
"user33","user02"
"user33","user08"
"user34","user10"
"user34","user31"
"user35","user13"
"user35","user07"
"user36","user20"
"user36","user02"
"user37","user02"
"user37","user22"
"user38","user11"
"user38","user02"
"user39","user01"
"user39","user02"
"user40","user02"
"user40","user08"
"user41","user02"
"user41","user15"
"user42","user01"
"user42","user03"
"user43","user03"
"user43","user01"
"user44","user08"
"user44","user02"
"user45","user02"
"user45","user12"
"user46","user15"
"user46","user06"
"user47","user02"
"user47","user01"
"user48","user01"
"user48","user03"
"user49","user10"
"user49","user01"
"user50","user02"
"user50","user39"
"user51","user36"
"user51","user13"
"user52","user02"
"user52","user10"
"user02","user04"
